fecha,roa,liquidez,ratio_titulos,flujo_remesas,tasa_pasiva,imae,credito_privado,d2008,d2018.x,dcovid,log_remesa,log_imae,log_credito,d2018.y,dboom_remesas_covid
2008-02-01,0.00323078516235124,0.24276771056189256,0.1328308099180687,63.4,6.71,1.0485326794738723,43123.92255,1,0,0,4.14946386144318,0.04739173870805759,10.671833169673722,0,0
2008-03-01,0.00463813437699302,0.2572720790414235,0.13089881007857024,71.5,6.7,1.0468975511630585,43536.25818,1,0,0,4.269697449699962,0.04583107720877008,10.681349391270052,0,0
2008-04-01,0.00636950778364424,0.27250130351999236,0.12466561427488912,67.7,6.69,1.095553511990165,43885.8702,1,0,0,4.215086179918229,0.09125972595320608,10.689347683928405,0,0
2008-05-01,0.00839237891986968,0.26423138611580205,0.1251557637747828,73.6,6.88,1.089338377602093,44229.07735,1,0,0,4.298645025734831,0.08557051892060218,10.697137710368963,0,0
2008-06-01,0.01014447548216549,0.25506465107056425,0.1282437496570772,66.8,6.47,1.0773402463270068,44788.19615,1,0,0,4.2017030805426,0.07449526873408145,10.709699904891798,0,0
2008-07-01,0.01173739939038723,0.24428685598567088,0.12696522740272534,66.9,6.28,1.1421599064828891,45556.170029999994,1,0,0,4.203198967134183,0.13292112462140707,10.726701349716716,0,0
2008-08-01,0.0134370789321529,0.2414885937430937,0.12329269839587938,69.5,7.25,1.0875190140476247,46319.76957,1,0,0,4.241326752570746,0.08389896800957948,10.74332413749357,0,0
2008-09-01,0.01434422409064749,0.24615275010392548,0.12329533117551288,70.8,6.53,1.0488343721993072,46658.68622,1,0,0,4.259859000699674,0.047679425812968475,10.7506143887281,0,0
2008-10-01,0.01549981703521905,0.23460084893892344,0.11831649261563734,67.5,6.52,1.0776300093295226,46528.97224,1,0,0,4.212127597878484,0.07476419402759912,10.747830456479553,0,0
2008-11-01,0.01654442021052506,0.2316567261279648,0.11712312240856076,66.1,6.96,1.032014329960786,46950.5174,1,0,0,4.191168746857641,0.03151255258388333,10.756849504809978,0,0
2008-12-01,0.01788934526166193,0.24101004085064193,0.11266210080296986,73.5,6.63,1.1820763940072918,46334.09682,1,0,0,4.297285406218791,0.1672725480352451,10.743633401438453,0,0
2009-01-01,0.00104953754549423,0.2546439098481656,0.11508990773922372,62.7,6.69,1.0494734790948137,45723.41697,0,0,0,4.138361447638875,0.04828858992096693,10.730365851992726,0,0
2009-02-01,0.0021651671784365,0.2612721529273583,0.11789329058853232,62.8,6.74,0.9959456014730104,45512.40255,0,0,0,4.139955073474153,-0.00406263988407071,10.725740151311388,0,0
2009-03-01,0.00328884562565964,0.2537416436733849,0.12746257788315857,70.4,6.73,0.9979346209376276,45257.69287,0,0,0,4.254193263163997,-0.002067514899089691,10.720127942855115,0,0
2009-04-01,0.00420643003282158,0.25914117506250317,0.136580704660236,62.5,6.87,0.9782880523397588,44330.62418,0,0,0,4.135166556742356,-0.021951120268624346,10.699431007946762,0,0
2009-05-01,0.00529461777081208,0.2616373416953018,0.1390942114012949,66.2,6.67,1.0544883635017184,43990.87783,0,0,0,4.192680462942962,0.053055685789715486,10.691737569360757,0,0
2009-06-01,0.0058904046907927,0.2765646861046205,0.1422922502966765,62.1,6.64,1.0298568446434009,43533.90994,0,0,0,4.128745988939433,0.029419806799019486,10.681295452244752,0,0
2009-07-01,0.00625629977210878,0.2827382776021264,0.14716270253972466,61.3,6.85,1.1130382313420428,43265.26542,0,0,0,4.115779842942166,0.10709342151662264,10.675105407772975,0,0
2009-08-01,0.00637013855226468,0.3001149282240993,0.14098481135032187,60.7,6.66,1.0609741751714246,43134.59488,0,0,0,4.1059436980654525,0.059187519252138464,10.672080619557452,0,0
2009-09-01,0.00622991236664475,0.30139327011791195,0.1463442639108378,62.2,6.8,1.0076818542433124,42886.40477,0,0,0,4.130354999745133,0.0076524990400876685,10.666310149562861,0,0
2009-10-01,0.00586539519333943,0.29816104737686167,0.147840248575539,64.4,6.51,1.0306259928304031,42655.6683,0,0,0,4.165113633110308,0.030166377659731066,10.66091544678541,0,0
2009-11-01,0.00666378867093581,0.30855211813577693,0.13272215641225993,61.9,6.29,1.0923966500799,42996.64938,0,0,0,4.12552017969055,0.08837404404359712,10.668877470244322,0,0
2009-12-01,0.00531857057589957,0.33027893667358593,0.13036248926967112,71.2,6.46,1.202231684190464,42842.72746,0,0,0,4.26549281841793,0.18417956644986694,10.665291188734892,0,0
2010-01-01,2.9549471794385073e-4,0.34048543310452956,0.1493601163326519,60.7,5.97,1.073434228094222,42559.18918,0,0,0,4.1059436980654525,0.07086306780037953,10.658651072612244,0,0
2010-02-01,5.511940863953967e-4,0.34428032784482115,0.14933356876923878,64.1,4.84,1.0208599677338936,42348.18052,0,0,0,4.160444363926624,0.020645377703740805,10.653680736229287,0,0
2010-03-01,0.00107306379414489,0.33927613673316004,0.16707014549996713,77,4.15,1.0619729811883731,41794.76653,0,0,0,4.343805421853684,0.06012848105389825,10.640526408042765,0,0
2010-04-01,7.722605848685896e-4,0.3429562965643562,0.17440209496518147,63.8,3.69,1.0027310065462054,41409.12502,0,0,0,4.155753190350744,0.0027272841235945347,10.631256546637557,0,0
2010-05-01,0.0017428074526094,0.35116613773992444,0.17972436997540142,70.2,3.78,1.086007650746283,41205.61744,0,0,0,4.251348311031766,0.08250826637300873,10.626329871674464,0,0
2010-06-01,0.00104610775187705,0.34891016152864196,0.19388184389146265,63.5,3.8,1.0803645683507743,41567.18158,0,0,0,4.151039905898646,0.07729854746221412,10.635066230573653,0,0
2010-07-01,0.00103258754682958,0.3483616662571382,0.2028985129870552,66.5,3.22,1.1641105840471808,41627.03882,0,0,0,4.197201947661808,0.15195734827366103,10.636505206743893,0,0
2010-08-01,0.00561178632273411,0.3271276479187948,0.22311133107250392,66.5,3.2,1.106642557366463,41815.53026,0,0,0,4.197201947661808,0.10133070851074763,10.641023086830522,0,0
2010-09-01,0.00650409014211088,0.3327995892180405,0.2157108890537844,67.9,3.49,1.0630640244237497,42172.00173,0,0,0,4.21803603456465,0.06115532748373711,10.649511813719318,0,0
2010-10-01,0.00736325638017175,0.32572766601380126,0.2246287434335965,70.3,2.96,1.1002053120947652,42673.74129,0,0,0,4.252771798816619,0.09549680974675119,10.661339051972815,0,0
2010-11-01,0.00850258575439959,0.3272573744898631,0.21335307695943903,70.6,3.4,1.1647884914848905,43583.38645,0,0,0,4.257030144499196,0.15253951816155217,10.682431311996366,0,0
2010-12-01,0.00996084893299932,0.31879407131804366,0.2044518462912585,81.7,3.29,1.2449971326936833,45388.37828,0,0,0,4.403054001865957,0.2191332268567364,10.723011366237655,0,0
2011-01-01,0.00155166468371365,0.3347373754250773,0.20704867000856209,67.4,3.82,1.1311727734974335,45443.21783,0,0,0,4.210645017918261,0.12325494718012804,10.724218865808549,0,0
2011-02-01,0.00274208606108912,0.352006413791123,0.2017932258077804,69.3,3.45,1.054578327593887,44766.651,0,0,0,4.238444906195857,0.053140997546430375,10.709218743880388,0,0
2011-03-01,0.00402516249018165,0.34004947174723554,0.2328643098058888,77.5,3.29,1.149611348115776,44407.54792,0,0,0,4.350277936359301,0.13942392709423485,10.701164732170458,0,0
2011-04-01,0.00498776089307412,0.3543765963926467,0.23541118322476373,73.4,3.1,1.0631270230516232,44242.15472,0,0,0,4.29592393562047,0.06121458709539501,10.697433340254278,0,0
2011-05-01,0.0063399460454721,0.34954047386431736,0.239762401630217,77.8,3.14,1.1873142346937926,44412.58121,0,0,0,4.354141431184346,0.17169381074752452,10.701278068866873,0,0
2011-06-01,0.00767196580822414,0.36180638386029623,0.23558380505797688,70,3.33,1.1649364407238896,44337.4101,0,0,0,4.248495242049359,0.15266652821080953,10.69958407145084,0,0
2011-07-01,0.00885413552728913,0.3667138167222247,0.2334811285681439,74.5,3.21,1.2613347183904062,44699.633839999995,0,0,0,4.310799125385514,0.2321704606105648,10.707720589069227,0,0
2011-08-01,0.01038792393717934,0.348467671358392,0.23577779941467208,77.3,3.11,1.185203132851533,45733.4519,0,0,0,4.3476939555933765,0.16991418002421907,10.73058529816805,0,0
2011-09-01,0.01163567208853561,0.3365138808879131,0.23641982143985107,74.8,3.83,1.128784865019281,47111.57209,0,0,0,4.314817884980432,0.1211417134397194,10.760273941759248,0,0
2011-10-01,0.01286191623187246,0.32258138367494155,0.23702872232762515,79.4,2.21,1.1369073384409314,48817.35803,0,0,0,4.37449836825309,0.12831171491345464,10.795841225932003,0,0
2011-11-01,0.01476103056330641,0.31161358782437826,0.2213688931384252,75.7,2.83,1.257420060273093,50990.93922,0,0,0,4.3267781604434035,0.22906205061170687,10.839403233569696,0,0
2011-12-01,0.01659336781270945,0.3254686975225357,0.20461075334483833,94.5,3.05,1.2806438393465285,52491.80203,0,0,0,4.548599834499697,0.24736295095916302,10.868412284577229,0,0
2012-01-01,0.00175663383955672,0.32915929173499014,0.21266625947416695,78.1,2.73,1.2849959742230543,53457.17955,0,0,0,4.35799005684564,0.2507555854419288,10.886636230164227,0,0
2012-02-01,0.00338283804242063,0.3190545040927306,0.21934198329281057,82.3,3,1.1685406920424424,54435.26674,0,0,0,4.410371107683024,0.15575569856025487,10.904767508459424,0,0
2012-03-01,0.00487241862423799,0.3363609739660249,0.20828937538058137,89.7,2.97,1.1862465036028988,54133.01926,0,0,0,4.49647076906475,0.17079412350069068,10.899199616177484,0,0
2012-04-01,0.0064842789011357,0.31041666004219565,0.22080937011331425,80.1,1.94,1.124396033481026,54302.68029,0,0,0,4.383275854074314,0.11724603236794662,10.902328865477305,0,0
2012-05-01,0.00813499741957221,0.3029470550020331,0.21506568325968717,85.2,2.3,1.266905656737664,55739.00479,0,0,0,4.44500143383527,0.2365774366389223,10.928435446373495,0,0
2012-06-01,0.00967473479624521,0.3011663552694286,0.21292419081673536,78.9,1.95,1.1830875818802902,56853.05519,0,0,0,4.368181227851829,0.16812761596703954,10.948225238983573,0,0
2012-07-01,0.01131119988028206,0.2947371383449334,0.2084484900524625,80.9,2.74,1.3026632865560457,57904.05858,0,0,0,4.393213824064446,0.2644108507465569,10.966542757477507,0,0
2012-08-01,0.0132184238007908,0.29555312550869733,0.20251764547400175,82.4,2.53,1.2381602246601782,59198.53751,0,0,0,4.411585436915426,0.21362658806915732,10.98865211634397,0,0
2012-09-01,0.01501043989966639,0.2768182230683378,0.1927875762381323,82.9,3.1,1.1691625046653706,60337.57492,0,0,0,4.417635062141249,0.156287684518497,11.007710321650181,0,0
2012-10-01,0.01677916153933943,0.28703638610055376,0.16681724858807342,87.3,3.44,1.2606355574458616,62135.31143,0,0,0,4.469350462845557,0.23161600446240563,11.037069728378496,0,0
2012-11-01,0.01849829146761556,0.28685562001140247,0.16034696343123248,82.8,1.92,1.3062534988435677,64092.093510000006,0,0,0,4.416428061391214,0.2671631152679271,11.068076289123148,0,0
2012-12-01,0.02072024303128166,0.2614736564642663,0.15683677209176963,103.6,3,1.419512873532519,66318.71079,0,0,0,4.640537329825382,0.3503137659510678,11.102227350386215,0,0
2013-01-01,0.00189723038875491,0.28958601227402914,0.15260339988593696,83.4,3.27,1.319724930584001,67235.49044,0,0,0,4.423648309364701,0.2774233289617053,11.115956518646477,0,0
2013-02-01,0.00375409532916155,0.2889379115235889,0.15407299020305373,83.7,3.01,1.2238822639207083,67397.10497,0,0,0,4.4272389774954295,0.20202798985635292,11.118357343010533,0,0
2013-03-01,0.00546715111802456,0.27676239479009096,0.16212152410955216,90.2,3.63,1.223494306014436,69006.91519,0,0,0,4.502029427068578,0.20171095003968745,11.141961998702621,0,0
2013-04-01,0.00724268127319309,0.2852121299171692,0.1546813454198727,90.7,3.84,1.2674309260013026,69533.63681,0,0,0,4.507557357121091,0.23699195874678872,11.149565897348644,0,0
2013-05-01,0.00895769329281612,0.2768320216926796,0.14393102663994248,92.7,3.45,1.3270240232636823,70229.06749,0,0,0,4.529368472571809,0.2829388586253026,11.159517571121015,0,0
2013-06-01,0.01055009606783876,0.26549033957464435,0.14981810288369857,80.9,3.33,1.2303832853951144,70850.75018999999,0,0,0,4.393213824064446,0.20732573498509263,11.168330833489023,0,0
2013-07-01,0.01222372185767439,0.2721516672177264,0.14491686174021845,86.6,3.53,1.385152156466111,71256.8353,0,0,0,4.461299815568389,0.3258099938694449,11.174046027564609,0,0
2013-08-01,0.01381727850932674,0.2566366532108499,0.15716060641414994,88.6,3.39,1.3022066786345243,72306.18467,0,0,0,4.484131857611035,0.2640602705392531,11.188664946258768,0,0
2013-09-01,0.01538603099321864,0.25395313068427433,0.15223662025217816,90.5,3.79,1.2509857045580866,73551.01243999999,0,0,0,4.505349850705881,0.22393180420772166,11.20573449126455,0,0
2013-10-01,0.01750308009902778,0.25320620116614206,0.14524326156949138,90.3,3.79,1.3002264550274447,76108.07842,0,0,0,4.5031374604229395,0.26253844547205657,11.239909693537644,0,0
2013-11-01,0.01908995745098836,0.2527222103532161,0.12622611039093057,89.1,3.46,1.340489142795833,78111.63115,0,0,0,4.489759334476764,0.29303457929206006,11.265894251115785,0,0
2013-12-01,0.02131274597490316,0.2601765875637803,0.10824133832087604,111,3.08,1.474217857155617,79746.75307,0,0,0,4.709530201312334,0.38812758281569487,11.28661130596246,0,0
2014-01-01,0.00194007629227093,0.265360186102905,0.12159979391597596,85.6,3.63,1.3558619869977817,80523.14192,0,0,0,4.449685283147696,0.30443740483815807,11.296299899360063,0,0
2014-02-01,0.00359544634625891,0.26282107038435903,0.13527730190317244,90,3.32,1.297878080659404,81892.89408,0,0,0,4.499809670330265,0.26073068525661935,11.313167502707039,0,0
2014-03-01,0.00513050118686756,0.28995374727064926,0.12374776349998402,101.6,3.28,1.3204489253175566,82746.91243,0,0,0,4.6210435351443815,0.2779717737166481,11.32354198051903,0,0
2014-04-01,0.00688704446908408,0.2720536037078862,0.12764790978113366,91.1,3.99,1.2885722013384424,84248.84345,0,0,0,4.511957804265912,0.25353478472736474,11.341530120523945,0,0
2014-05-01,0.0084465410072032,0.2580803819774088,0.1366724232191468,98.5,3.58,1.3911174035748066,86012.76789,0,0,0,4.590056548178043,0.33010731166202517,11.362251028053189,0,0
2014-06-01,0.0098960766908658,0.271822861857386,0.13459163512039807,88.4,3.3,1.3007753852960362,86685.91079,0,0,0,4.481871969643598,0.26296053688947213,11.370046644257563,0,0
2014-07-01,0.01147671163041612,0.2702452935891537,0.13680479371356452,92.6,3.15,1.4372789378602622,87496.89169,0,0,0,4.528289141652134,0.36275169950557073,11.379358548171872,0,0
2014-08-01,0.01317745830586031,0.2719803285222238,0.13369790425971478,92.2,3.26,1.3304670165721704,88768.15661,0,0,0,4.523960130562548,0.2855300208781697,11.393783267934843,0,0
2014-09-01,0.01495205904660976,0.2639405783739661,0.1333282965828135,94.7,3.13,1.311953980357829,89674.62721,0,0,0,4.550714000192032,0.2715176139599453,11.403943145268899,0,0
2014-10-01,0.0167380240774811,0.2776104970653255,0.1246606890887726,93.5,1.68,1.3747363699454356,91113.03609,0,0,0,4.537961436294641,0.3182619817870324,11.4198561694981,0,0
2014-11-01,0.01819612848394681,0.2704879008754713,0.11326102878425268,91,1.48,1.4142367916903067,94490.00361,0,0,0,4.51085950651685,0.3465900157527965,11.456249325981773,0,0
2014-12-01,0.02016118952010207,0.27896858296808585,0.10529925532582604,116.6,2.38,1.5705863115439471,96132.28145,0,0,0,4.758749273916392,0.4514489964895785,11.473480453744015,0,0
2015-01-01,0.00184343028463897,0.2680025127847296,0.12197462134575514,88.9,3.28,1.419916625802333,96977.96913,0,0,0,4.487512142519859,0.35059815566571273,11.482239109318193,0,0
2015-02-01,0.0034972083479804,0.2738971620918586,0.1210342344525586,94.1,3.32,1.3510642648830455,98206.06359,0,0,0,4.544358046591334,0.30089262622795504,11.49482323978861,0,0
2015-03-01,0.00539469235642761,0.27413276285140403,0.12166451216068803,106.2,3.96,1.3914497185339885,99197.2799,0,0,0,4.665324108807838,0.33034616660868316,11.504865872534117,0,0
2015-04-01,0.00709481523014648,0.2791157524991866,0.11419768726475955,94.4,3.19,1.3136712482324011,100536.61064,0,0,0,4.547541073151455,0.27282569715532157,11.51827722512073,0,0
2015-05-01,0.00866785733520908,0.2812451944254745,0.1182809037266584,104.9,3.63,1.4379295274511918,102077.01495,0,0,0,4.653007515402251,0.36320425076220647,11.533482855890082,0,0
2015-06-01,0.01043026799861892,0.2698995019067242,0.11871705609702736,93.1,3.21,1.3470143612133227,103462.27233,0,0,0,4.533674184283021,0.29789055899969413,11.5469623066838,0,0
2015-07-01,0.01191845102345735,0.27162765675018075,0.11961532669287205,97.6,3.1,1.51145939100063,105500.28576,0,0,0,4.580877493419047,0.4130756681881567,11.566468940520183,0,0
2015-08-01,0.01375035987461431,0.2602284183522172,0.11979465661025024,96.6,3.41,1.4159571011450771,106549.17255,0,0,0,4.570578741218473,0.34780569901110175,11.576361871658975,0,0
2015-09-01,0.01530813632118875,0.2499688602943525,0.12252429082450704,98.7,3.42,1.410247325868167,110960.47297,0,0,0,4.592084946439436,0.3437650974249589,11.616929317506665,0,0
2015-10-01,0.01691521014225125,0.2527908691725935,0.10884877180866163,102.6,3.19,1.465244928457223,113414.25432,0,0,0,4.630837932736669,0.382022415155119,11.638802361847171,0,0
2015-11-01,0.01864515695875266,0.24569901869045216,0.101878253350063,95.7,3.43,1.48504711087416,116236.89344,0,0,0,4.5612182984589085,0.3954464962458357,11.663385572491302,0,0
2015-12-01,0.02062922123041329,0.25828327318832633,0.08474231286897657,120.6,3.38,1.6305520031692184,118724.32829,0,0,0,4.792479284293085,0.4889186097399945,11.684559515704962,0,0
2016-01-01,0.00190863896190862,0.27038531330415766,0.09051236440391965,91.2,3.25,1.478434105339955,118817.2857,0,0,0,4.513054897080286,0.3909834907273684,11.685342177851469,0,0
2016-02-01,0.00372362710437267,0.27086525389405053,0.09148412151461344,103.4,3.82,1.4166050597876998,120114.50894,0,0,0,4.638604962074329,0.3482632061139372,11.696200807932177,0,0
2016-03-01,0.00557558559001934,0.27994306664708435,0.09071821657459844,107.7,3.35,1.429992466915549,121471.46716,0,0,0,4.679349584162343,0.3576691763667161,11.707434675994634,0,0
2016-04-01,0.00732999436912314,0.2710823411937641,0.093915108884699,103.5,3.27,1.408615577055586,123353.12508,0,0,0,4.639571612705423,0.34260736180528883,11.722806456699406,0,0
2016-05-01,0.00929320610019467,0.24986841003455823,0.09927744458458108,107.4,3.1,1.5311653119258184,125922.02545,0,0,0,4.676560182074764,0.4260290872840146,11.743418148734698,0,0
2016-06-01,0.01140022622870478,0.25255543327465946,0.09386560722923504,95.5,3.03,1.442354270783287,127787.58593,0,0,0,4.5591262474866845,0.36627668884317555,11.758124679509532,0,0
2016-07-01,0.01293920961048733,0.2653475981853982,0.08929671566352922,98.7,3.57,1.5574349782125525,128548.01886,0,0,0,4.592084946439436,0.44304022327193665,11.764057801140039,0,0
2016-08-01,0.01472996047508433,0.2577118241547604,0.09256070806202472,107.9,4.33,1.4965027764814736,130353.80468,0,0,0,4.681204872264089,0.4031309036256169,11.778007607121335,0,0
2016-09-01,0.01656244631808941,0.25246805109978887,0.0947475548421198,106.3,3.04,1.436099517455372,132328.76887,0,0,0,4.666265285347902,0.361930770073915,11.793044778240102,0,0
2016-10-01,0.01823825022238276,0.23943720750487368,0.09577582997261178,108.1,3.15,1.4910893767479,135717.77927,0,0,0,4.683056724645162,0.39950697814960334,11.818332856179564,0,0
2016-11-01,0.01971642667056421,0.2417721423243699,0.0911398885457006,104.3,3.49,1.5593533506754276,137996.49839999998,0,0,0,4.647271362006727,0.44427121652697693,11.834983589904375,0,0
2016-12-01,0.02275497093644776,0.24179551855956516,0.0994695582106346,130.1,3.54,1.715835164653362,139532.4981,0,0,0,4.86830338551846,0.5398999385576044,11.846052814402611,0,0
2017-01-01,0.00216684711249915,0.25288517722061243,0.08917142970364965,102.1,3.79,1.5998488130276542,141163.641,0,0,0,4.625952725170619,0.4699091329233826,11.857675070882461,0,0
2017-02-01,0.00369254854554878,0.25854528474625954,0.10206094699161404,107.6,3.94,1.5034221315490728,141120.7842,0,0,0,4.678420647727684,0.40774393065133063,11.857371428197967,0,0
2017-03-01,0.00588595880866876,0.2634669562073506,0.08887283488726654,113.6,4.11,1.547876268092064,143641.84029,0,0,0,4.732683506287051,0.4368838417998635,11.875078260079167,0,0
2017-04-01,0.0076844682842442,0.2553480936578583,0.0979749271960849,108.4,3.88,1.443109487229401,147864.81793,0,0,0,4.685828089005546,0.366800151639242,11.904053742984397,0,0
2017-05-01,0.00956995164319641,0.24069966357151665,0.10346699007768705,121.2,3.72,1.6007603259754404,150522.8233,0,0,0,4.797442073635214,0.47047872010684827,11.921870001507282,0,0
2017-06-01,0.01136111597819637,0.23948625643045948,0.1092206566027199,111.1,3.46,1.5055525725070316,150718.1628,0,0,0,4.7104306966455844,0.4091599886268844,11.923166900245452,0,0
2017-07-01,0.01287355847159846,0.25265643299021934,0.10387570339572898,122.4,3.69,1.610923965244447,152029.04264,0,0,0,4.807294370078226,0.47680790583982496,11.931826851576865,0,0
2017-08-01,0.01472894012868538,0.24049563060030024,0.11298250566446004,120.4,3.42,1.5465617717751965,153750.83165,0,0,0,4.79081953287472,0.43603425529724255,11.943088594759827,0,0
2017-09-01,0.01627870361240331,0.2415752320902294,0.10479547194194308,112.8,4.24,1.4791421733651835,155643.85415,0,0,0,4.725616339063959,0.39146230714461827,11.955325690027559,0,0
2017-10-01,0.01775681174168067,0.242180570562306,0.10147311126758898,118.5,4.05,1.5474692061195956,158092.68084,0,0,0,4.774912960575186,0.43662082626366167,11.970936727628786,0,0
2017-11-01,0.01945948462649377,0.2488366485950008,0.08866017755983688,116,4.03,1.646940568555224,161368.95508,0,0,0,4.7535901911063645,0.4989193658785126,11.991448668609234,0,0
2017-12-01,0.02137637641732856,0.2388915755382856,0.10087691520643569,136.7,4.05,1.7638008059480057,161915.82234,0,0,0,4.917788743729904,0.5674710294102706,11.994831863982583,0,0
2018-01-01,0.00197908008912014,0.23716446276681744,0.115160099034224,112.9,4.03,1.6510027854939546,163482.51076,0,1,0,4.726502471155617,0.5013828520922035,12.004461295769232,1,0
2018-02-01,0.00359630711283084,0.23859997040407313,0.1183757757551724,116.9,4.51,1.5369016830622235,164143.1972,0,1,0,4.761318868478023,0.4297684957325034,12.008494479487968,1,0
2018-03-01,0.00520388151059486,0.247886648498846,0.12029081722915508,123.6,4.38,1.5811035729086331,166014.55985,0,1,0,4.817050545023591,0.45812306709273554,12.019830773432147,1,0
2018-04-01,0.00693055879543616,0.23785655572534067,0.11704295509416728,128.9,4.21,1.5042082306180398,167691.0864,0,1,0,4.859036909945142,0.40826666715296706,12.029878794341435,1,0
2018-05-01,0.0085617289595701,0.24679853595236537,0.10349341025780616,127.1,3.88,1.5115426668139798,166574.91277,0,1,0,4.844974178195408,0.41313076296598233,12.023200413762583,1,0
2018-06-01,0.00998658555732083,0.2420446058818712,0.07668652530354225,115.2,4.11,1.302411318022494,163471.84835,0,1,0,4.746669748261791,0.2642174063562162,12.00439607314897,1,0
2018-07-01,0.0111545598900985,0.256190556850558,0.06942805358125974,124.4,4.78,1.5225387637242869,160564.00126,0,1,0,4.823502180305079,0.42037918085204434,11.98644790381242,1,0
2018-08-01,0.01244730850156322,0.25101200105657206,0.0648642577718383,126.7,4.85,1.4943352391651268,158554.31407999998,0,1,0,4.841822087327094,0.40168145187698273,11.9738524891832,1,0
2018-09-01,0.01377499345385739,0.2540374122264865,0.06148861931732576,121.7,5.27,1.4180643594867837,155670.82338999998,0,1,0,4.801558999993482,0.349292814588264,11.9554989503459,1,0
2018-10-01,0.01523351333225639,0.24958605923806848,0.06403373380444462,128.9,5.06,1.4356367140880284,152967.44988,0,1,0,4.859036909945142,0.36160845400166114,11.937980431858604,1,0
2018-11-01,0.01629147672380423,0.2578164690323768,0.06863176919477233,125.4,5.58,1.5415208819165065,151343.06285,0,1,0,4.83150862819882,0.43276951474372377,11.927304478249088,1,0
2018-12-01,0.01735340627499637,0.24450766885103767,0.0710810935192558,149.5,5.24,1.6639852656474643,147823.47663,0,1,0,5.0072963928307415,0.5092154875806449,11.903774115410158,1,0
2019-01-01,0.00119831262396147,0.2537468040900299,0.12371382662181522,124.2,5.16,1.5282448171919076,144473.9974,0,0,0,4.821893169499378,0.4241198985856994,11.88085482155297,0,0
2019-02-01,0.00226863051932424,0.2952468208154883,0.09994283600749151,122.3,5.31,1.3946150057474866,141507.21309,0,0,0,4.8064770426931265,0.33261839564039436,11.860105970667263,0,0
2019-03-01,0.00338891804862637,0.3031719992044747,0.10617389858026018,137.3,5.88,1.4092772359537624,138599.25767,0,0,0,4.922168312773925,0.3430769743521407,11.839342009807291,0,0
2019-04-01,0.00480179834115258,0.30823182176552183,0.11314966669642491,134.5,6.18,1.3939995215956773,135433.09672,0,0,0,4.901564199041894,0.3321769691500934,11.816233046222747,0,0
2019-05-01,0.00579682057893487,0.31969396237161035,0.11574185563553628,144,6.15,1.4644741557976015,131628.97276,0,0,0,4.969813299576001,0.38149624001324484,11.787742431392953,0,0
2019-06-01,0.00671891849584314,0.31615394090486126,0.12232119453530103,134.3,5.91,1.3631440716166363,130519.38699,0,0,0,4.900076103529192,0.309793848974744,11.779277054021389,0,0
2019-07-01,0.0081240712159504,0.32078395734490095,0.11706392977032908,146.2,5.7,1.512349377598368,127036.63808,0,0,0,4.9849755473156785,0.41366432090500804,11.752230812654728,0,0
2019-08-01,0.00944915822229967,0.3145456032984372,0.1373854066612914,145.5,5.94,1.453082119898414,126026.49033,0,0,0,4.980176086611547,0.3736869004710754,11.74424740455042,0,0
2019-09-01,0.01032169565429182,0.3133613679470051,0.14936409267424536,139.1,5.85,1.4005493183139506,125227.67098,0,0,0,4.935193098929397,0.33686452988839666,11.737888727445343,0,0
2019-10-01,0.0117899719918229,0.3090649926326786,0.14826605821932376,144.6,6.09,1.4826849794526862,125833.62605,0,0,0,4.973971309724664,0.393854619453459,11.742715885225566,0,0
2019-11-01,0.01268075979338138,0.3223494198996996,0.14681268285880736,144.2,5.83,1.560550748004827,126167.6368,0,0,0,4.971201224850849,0.4450388025490582,11.745366752461836,0,0
2019-12-01,0.01441003039311904,0.32137341640042477,0.15117855417707216,166.2,5.29,1.6741143732518038,125673.90063,0,0,0,5.113191882421348,0.5152842930617885,11.741445740800215,0,0
2020-01-01,0.00136573345229836,0.3216074866859479,0.15503291195322164,139.2,5.76,1.550293409640975,125319.87257,0,0,0,4.935911747900319,0.43844420955939,11.738624728228714,0,0
2020-02-01,0.00244305581604893,0.3386730750075932,0.1481947892978356,143.8,5.56,1.466202879321912,125027.08372,0,0,0,4.9684234452869465,0.3826759836042969,11.736285662574936,0,0
2020-03-01,0.00340267355812136,0.3329483395135481,0.1517698214815933,141.5,5.35,1.4163559818208329,125158.57654,0,0,1,4.952299717083292,0.34808736326692985,11.73733682459574,0,0
2020-04-01,0.00446842610216368,0.3436000163305819,0.1622311964794544,122.2,5.43,1.2573249588351652,121587.07893,0,0,1,4.805659046737495,0.2289864155574564,11.708385984068995,0,1
2020-05-01,0.00528195361011418,0.341774642540795,0.16906148330260987,159.2,5.56,1.3534695282970828,120413.82065,0,0,1,5.0701612734102826,0.3026713165547226,11.69868959472088,0,1
2020-06-01,0.00617293426881857,0.34282838084394684,0.1718672394903375,154.7,5.79,1.305904369101973,120000.73723,0,0,1,5.04148775757902,0.26689580390213413,11.695253165328644,0,1
2020-07-01,0.00714423398206721,0.34495668827923104,0.17626986416968274,162.4,4.99,1.4867054095551426,119498.6253,0,0,1,5.0900624277275774,0.3965625372631861,11.691060146521844,0,1
2020-08-01,0.00803914636390358,0.3426794316927705,0.18743916714419057,163,4.72,1.4008951019472102,118836.79879,0,0,1,5.093750200806762,0.3371113908523443,11.685506392071357,0,1
2020-09-01,0.0088452660458746,0.32409360290484907,0.20172357551341472,156.7,4.1,1.4142325401339184,119446.37959,0,0,1,5.054333149361975,0.34658700949330457,11.690622843295047,0,1
2020-10-01,0.00988077067002189,0.31175535310562635,0.20911687332699985,165.5,3.82,1.482100731531905,120064.34147,0,0,1,5.1089711948171175,0.3934604945585775,11.695783056988295,0,1
2020-11-01,0.0103476355619054,0.3160224276217032,0.2108223220265509,152.3,3.91,1.4590516986848407,121171.8476,0,0,1,5.025852259901116,0.3777867032410655,11.704965045107999,0,1
2020-12-01,0.01103487183609821,0.3158975988841844,0.2095141528374529,190.9,3.42,1.6500883268014288,120973.15345,0,0,1,5.251749730731702,0.5008288178745406,11.703323927647526,0,1
2021-01-01,0.00123639970332274,0.3012487726890251,0.22046681367298548,156.1,3.53,1.5612155688097025,120469.91223,0,0,1,5.050496827521386,0.4454647286097919,11.699155309697506,0,1
2021-02-01,0.00246923740024117,0.3131544265130143,0.21462164523746277,153.6,3.59,1.4898099661627506,121022.57633,0,0,1,5.034351820713572,0.39864857233542883,11.703732388414434,0,1
2021-03-01,0.00411191024995238,0.314614732013443,0.2160034741907379,190.7,3.44,1.5353231367716458,121609.1552,0,0,1,5.250701512606374,0.4287408714393199,11.708567535153778,0,1
2021-04-01,0.00520700435943661,0.33086870007826163,0.21020735055913117,170.8,3.55,1.472849174656743,120601.11643,0,0,1,5.14049328135447,0.3871987389295515,11.700243820529222,0,1
2021-05-01,0.00639450146014792,0.34116147413525183,0.20339642725960524,187.1,4.19,1.609219433732365,120878.85657,0,0,1,5.231643233280044,0.4757492376626105,11.70254413768613,0,1
2021-06-01,0.00742128495089071,0.3415857005672285,0.19957604008701715,171.9,3.19,1.5594977879250438,122351.87721,0,0,1,5.146912912388804,0.44436383861331624,11.714656411703668,0,1
2021-07-01,0.00884560656035322,0.3518437952523211,0.19410027523949333,176.6,3.41,1.66082261985973,122607.559,0,0,1,5.173887288169859,0.5073130337544203,11.716743956374799,0,1
2021-08-01,0.01018241394507999,0.3500517772359085,0.1969198173896977,174.8,3.49,1.568087388456065,122333.04531000002,0,0,1,5.163642463221435,0.4498566528089367,11.714502483951657,0,1
2021-09-01,0.01139857134230787,0.35559756417685,0.19311626447475244,175.7,3.36,1.5286664040777125,122543.16574,0,0,1,5.168777995193051,0.4243957239911246,11.716218620285753,0,1
2021-10-01,0.01249148571012762,0.3514618829367928,0.19331595357632195,189.3,3.43,1.619841464408085,124349.09704,0,0,1,5.243333058215277,0.4823282829790552,11.730848187765702,0,1
2021-11-01,0.01361126521759078,0.35128070348490215,0.1891725768104423,186.6,3.87,1.663464552188712,127143.36539,0,0,1,5.228967288413243,0.5089025070751468,11.753070590094458,0,1
2021-12-01,0.01564193076524778,0.3540721768584681,0.18840824321224847,213.7,3.36,1.776438486780827,127321.91618,0,0,1,5.364573162325102,0.5746105098061733,11.754473931392736,0,1
2022-01-01,0.0017019071710632,0.3589719030376261,0.18548437302499687,194.7,3.47,1.6521194968027155,127578.9213,0,0,0,5.271459912378154,0.5020590071091046,11.756490442673197,0,1
2022-02-01,0.00313985652838333,0.3448663063284848,0.1999128808660589,202.2,3.19,1.5363442780858318,128645.37734,0,0,0,5.309257306586371,0.42940574898879946,11.764814885000579,0,1
2022-03-01,0.00467540595706784,0.34284506452519314,0.20027587987437076,235.7,3.73,1.6122097554306285,130215.7136,0,0,0,5.462559809942086,0.4776057568542842,11.776947689646418,0,1
2022-04-01,0.00600929353127104,0.3301851586314383,0.2049357043856202,233.9,3.11,1.5497261183464062,131624.99731,0,0,0,5.454893673590133,0.43807821747722425,11.78771222899943,0,1
2022-05-01,0.00765708329468574,0.3178073983537098,0.20817254543652153,266,3.72,1.6745100257091343,134008.21896,0,0,0,5.583496308781699,0.5155206005194385,11.805656412574491,0,1
2022-06-01,0.00912453835916201,0.3215368069827656,0.20484274755278528,263.7,3.35,1.6234031627029506,135005.71632,0,0,0,5.574812093359241,0.48452466354000406,11.813072399635233,0,1
2022-07-01,0.010720022649906581,0.3218429278703176,0.2034102201029384,274.4,2.95,1.7072697650331798,136265.50404,0,0,0,5.61458689585173,0.5348954659091536,11.822360497171038,0,1
2022-08-01,0.01155320723424488,0.3138790416675187,0.21514783961047657,299.7,3.23,1.6392040204793787,137788.73768,0,0,0,5.702781974322617,0.49421077064780444,11.83347690475867,0,1
2022-09-01,0.0129861128710879,0.31946393623375646,0.19976857402411555,288.1,3.74,1.5685530539777282,140116.32591,0,0,0,5.663307642090483,0.45015357273561013,11.85022825594281,0,1
2022-10-01,0.01454028214301497,0.30267486442198044,0.20382162108077095,319.9,3.55,1.6474135668580003,142875.28152000002,0,0,0,5.768008446955473,0.49920652280614336,11.869727371488871,0,1
2022-11-01,0.01594916189540965,0.30306325085441016,0.1971515457664043,309.5,3.29,1.708018446704567,145806.59386000002,0,0,0,5.734958092124651,0.5353338954863744,11.890036322911287,0,1
2022-12-01,0.01740735080870045,0.3050183074180436,0.1971347220919281,337.1,3.43,1.8026224962030164,147070.51035,0,0,0,5.820379622240015,0.5892425469263938,11.89866741300461,0,1
2023-01-01,0.00186792377625601,0.3039328881007656,0.19282621891451876,317,3.32,1.713290749744171,150492.10564000002,0,0,0,5.75890177387728,0.5384159362551727,11.921665907576028,0,1
2023-02-01,0.00373470105194775,0.2977993812315845,0.2004942717169772,330.6,3.7,1.583606969261402,153128.55787999998,0,0,0,5.8009091853869235,0.45970513713773103,11.939033095145891,0,1
2023-03-01,0.00595919317365057,0.2824945176751348,0.19994531660230216,372.7,3.85,1.652941174838897,156337.12587,0,0,0,5.9207738064852125,0.5025562312963398,11.95977001776243,0,1
2023-04-01,0.00775236119011104,0.28287271662482005,0.19484420682486897,374.3,3.83,1.5748375591991166,157831.65613,0,0,0,5.925057614910384,0.4541521299421747,11.969284276463425,0,1
2023-05-01,0.00972750566719106,0.28909094725757933,0.19360591032981328,426.2,3.91,1.7655486882135432,159309.02302,0,0,0,6.054908719664517,0.5684615135838141,11.97860113597642,0,1
2023-06-01,0.01126057031785698,0.2899799906335735,0.194189070069629,394.2,3.78,1.6668658580599771,160111.44778,0,0,0,5.97685839471862,0.5109451314606479,11.983625400363563,0,1
2023-07-01,0.01317326404511975,0.29338175010479833,0.1989165246842595,408.9,3.52,1.7958869281667933,160241.83154,0,0,0,6.013470627370596,0.5854990103072232,11.984439400254407,0,1
2023-08-01,0.01505093771195111,0.29524743561597977,0.19457795542587183,409.8,3.7,1.7416491278251964,162182.38413999998,0,0,0,6.0156692358048,0.5548324389838482,11.9964768089701,0,1
2023-09-01,0.01656839232763102,0.2846341091855326,0.19472726162323015,399.8,4.27,1.6720755725769234,163529.059,0,0,0,5.9909644220663,0.5140657125507131,12.004745984414033,0,1
2023-10-01,0.01807212338912449,0.29260775955435414,0.18825494739887705,410.9,4.23,1.7480194148314163,165798.0636,0,0,0,6.018349875889364,0.558483384054624,12.018525842483646,0,1
2023-11-01,0.01910724595963152,0.29942898149235975,0.17593403040902145,395.4,4.9,1.783493858817907,170718.65901,0,0,0,5.979897910736517,0.5785742824791775,12.047772211596108,0,1
2023-12-01,0.02028942857440332,0.3068464275727623,0.16909138547207378,420.3,4.8,1.896400988319551,173589.87961,0,0,0,6.040968742011071,0.6399578732013279,12.06445078233162,0,1
2024-01-01,0.00198255296799627,0.30105512455730393,0.17147940322786154,366.8,4.51,1.8250839949613151,176325.79387,0,0,0,5.9048167403823095,0.6016260106116909,12.080088664377318,0,1
2024-02-01,0.00353685980696061,0.29370677129974576,0.1810753228757558,374.5,4.58,1.724241644903751,178414.58646999998,0,0,0,5.925591802957274,0.5447873276766656,12.091865258509872,0,1
2024-03-01,0.00541770618821637,0.2797174660639418,0.17820104366087666,399.6,4.54,1.6916794120271481,182371.53905,0,0,0,5.990464046774399,0.5257217704345997,12.113801308537411,0,1
2024-04-01,0.00734301542110762,0.28466583672283546,0.17769784401366137,449.4,4.44,1.701585771537905,185206.38113,0,0,0,6.107913359751229,0.5315606230552872,12.129226055946216,0,1
2024-05-01,0.00936312030196492,0.28404840468793835,0.1771732856640556,462.4,4.88,1.8331837721252393,187696.05562,0,0,0,6.136430317358168,0.6060542214018023,12.142579208075693,0,1
2024-06-01,0.01128350352704458,0.2714979767672022,0.17888375786921362,425.1,4.67,1.687475432881712,189285.38205,0,0,0,6.052324435364745,0.5232335853662561,12.15101111313806,0,1
2024-07-01,0.01335868253345615,0.2896884797442475,0.16636229769393585,448.5,4.85,1.8397291862628649,191621.9222,0,0,0,6.105908681498851,0.6096183794097745,12.163279554466524,0,1
2024-08-01,0.01511131309706394,0.2878541909245305,0.16473532239848382,467.9,4.59,1.7362907823733107,193970.5284,0,0,0,6.148254597872171,0.5517511035784852,12.175461511041226,0,1
2024-09-01,0.01690300280653191,0.28074768721187743,0.16192354124805697,434.1,4.59,1.679128917665733,197251.64764,0,0,0,6.073274922305548,0.5182751575573941,12.192235591727734,0,1
2024-10-01,0.01895107601815423,0.28682862604759746,0.15377251337207687,455.8,4.52,1.799798905471515,200544.90698,0,0,0,6.122054116811584,0.5876749394785747,12.208793475612707,0,1
2024-11-01,0.02031081950586739,0.2773572645876326,0.1471659975488224,474.6,4.78,1.826181055272594,206505.59864,0,0,0,6.162472344001663,0.6022269312949051,12.23808280307381,0,1
2024-12-01,0.02299078178296888,0.2799064930315458,0.1386302030209994,484.4,4.55,1.987719900382101,209560.83284,0,0,0,6.182911011678937,0.6869882031276943,12.252769347745982,0,1
2025-01-01,0.00231024450909319,0.27647003371000434,0.13727595427998482,448.2,4.74,1.8620910756937068,213572.70365,0,0,0,6.105239561366827,0.6217000904909625,12.271732586001347,0,1
2025-02-01,0.00416401026529225,0.28460342406104705,0.132321964334731,460.9,4.35,1.73489338888153,216375.47278,0,0,0,6.133181099726462,0.5509459641803277,12.284770477479011,0,1
2025-03-01,0.00582045993087687,0.29025091515379103,0.12588840986839722,532.2,5.17,1.791956743135822,215116.73096,0,0,0,6.277019358543589,0.5833081753862921,12.278936094471758,0,1
2025-04-01,0.00754673422405103,0.3060244311456648,0.12398829166737764,501.8,5.55,1.770375042932702,216009.91122,0,0,0,6.218201633932322,0.5711914128030492,12.283079570891383,0,1
