fecha,credito_privado
2006-01-01,24264.275759999997
2006-02-01,24758.566870000002
2006-03-01,25410.72941
2006-04-01,25869.83626
2006-05-01,26396.24023
2006-06-01,27036.51392
2006-07-01,27907.983659999998
2006-08-01,28473.772900000004
2006-09-01,29127.30773
2006-10-01,29985.96381
2006-11-01,30741.86703
2006-12-01,31357.746180000002
2007-01-01,31967.1601
2007-02-01,32314.10531
2007-03-01,32797.20778
2007-04-01,33436.97374
2007-05-01,34020.001220000006
2007-06-01,34855.32182
2007-07-01,35730.97206
2007-08-01,36726.72403
2007-09-01,37532.17245
2007-10-01,39258.80303
2007-11-01,40482.06201
2007-12-01,41251.50627
2008-01-01,42084.87892
2008-02-01,43123.92255
2008-03-01,43536.25818
2008-04-01,43885.8702
2008-05-01,44229.07735
2008-06-01,44788.19615
2008-07-01,45556.170029999994
2008-08-01,46319.769570000004
2008-09-01,46658.68622
2008-10-01,46528.97224
2008-11-01,46950.5174
2008-12-01,46334.09682
2009-01-01,45723.41697
2009-02-01,45512.40255
2009-03-01,45257.69287
2009-04-01,44330.62418
2009-05-01,43990.87783
2009-06-01,43533.90994
2009-07-01,43265.265419999996
2009-08-01,43134.59488
2009-09-01,42886.40477
2009-10-01,42655.6683
2009-11-01,42996.64938
2009-12-01,42842.72746
2010-01-01,42559.18918
2010-02-01,42348.18052
2010-03-01,41794.76653
2010-04-01,41409.12502
2010-05-01,41205.61744
2010-06-01,41567.181580000004
2010-07-01,41627.03882
2010-08-01,41815.53026
2010-09-01,42172.00173
2010-10-01,42673.74129
2010-11-01,43583.38645
2010-12-01,45388.378280000004
2011-01-01,45443.21783
2011-02-01,44766.651
2011-03-01,44407.54792
2011-04-01,44242.15472
2011-05-01,44412.581210000004
2011-06-01,44337.4101
2011-07-01,44699.633839999995
2011-08-01,45733.4519
2011-09-01,47111.57209
2011-10-01,48817.35803
2011-11-01,50990.93922
2011-12-01,52491.80203
2012-01-01,53457.17955
2012-02-01,54435.26674
2012-03-01,54133.01926
2012-04-01,54302.680290000004
2012-05-01,55739.00479
2012-06-01,56853.05519
2012-07-01,57904.05858
2012-08-01,59198.53751
2012-09-01,60337.57492
2012-10-01,62135.31143
2012-11-01,64092.093510000006
2012-12-01,66318.71079
2013-01-01,67235.49044
2013-02-01,67397.10497
2013-03-01,69006.91519
2013-04-01,69533.63681
2013-05-01,70229.06749
2013-06-01,70850.75018999999
2013-07-01,71256.8353
2013-08-01,72306.18467
2013-09-01,73551.01243999999
2013-10-01,76108.07842
2013-11-01,78111.63115
2013-12-01,79746.75307
2014-01-01,80523.14192
2014-02-01,81892.89408
2014-03-01,82746.91243
2014-04-01,84248.84345
2014-05-01,86012.76789
2014-06-01,86685.91079
2014-07-01,87496.89169
2014-08-01,88768.15661
2014-09-01,89674.62721
2014-10-01,91113.03609000001
2014-11-01,94490.00361
2014-12-01,96132.28145000001
2015-01-01,96977.96913
2015-02-01,98206.06359
2015-03-01,99197.2799
2015-04-01,100536.61064
2015-05-01,102077.01495000001
2015-06-01,103462.27233
2015-07-01,105500.28576
2015-08-01,106549.17255
2015-09-01,110960.47297
2015-10-01,113414.25432000001
2015-11-01,116236.89344
2015-12-01,118724.32829
2016-01-01,118817.2857
2016-02-01,120114.50894
2016-03-01,121471.46716
2016-04-01,123353.12508
2016-05-01,125922.02545
2016-06-01,127787.58593
2016-07-01,128548.01886000001
2016-08-01,130353.80468
2016-09-01,132328.76887
2016-10-01,135717.77927
2016-11-01,137996.49839999998
2016-12-01,139532.4981
2017-01-01,141163.641
2017-02-01,141120.7842
2017-03-01,143641.84029
2017-04-01,147864.81793
2017-05-01,150522.8233
2017-06-01,150718.1628
2017-07-01,152029.04264
2017-08-01,153750.83165
2017-09-01,155643.85415
2017-10-01,158092.68084
2017-11-01,161368.95507999999
2017-12-01,161915.82234
2018-01-01,163482.51076
2018-02-01,164143.1972
2018-03-01,166014.55985
2018-04-01,167691.0864
2018-05-01,166574.91277
2018-06-01,163471.84835
2018-07-01,160564.00126
2018-08-01,158554.31407999998
2018-09-01,155670.82338999998
2018-10-01,152967.44988
2018-11-01,151343.06285
2018-12-01,147823.47663
2019-01-01,144473.9974
2019-02-01,141507.21309
2019-03-01,138599.25767
2019-04-01,135433.09672
2019-05-01,131628.97276
2019-06-01,130519.38699
2019-07-01,127036.63808
2019-08-01,126026.49033
2019-09-01,125227.67098
2019-10-01,125833.62604999999
2019-11-01,126167.63680000001
2019-12-01,125673.90063
2020-01-01,125319.87256999999
2020-02-01,125027.08372
2020-03-01,125158.57654000001
2020-04-01,121587.07893
2020-05-01,120413.82065
2020-06-01,120000.73723
2020-07-01,119498.62530000001
2020-08-01,118836.79879
2020-09-01,119446.37959
2020-10-01,120064.34147
2020-11-01,121171.84760000001
2020-12-01,120973.15345
2021-01-01,120469.91223
2021-02-01,121022.57633
2021-03-01,121609.1552
2021-04-01,120601.11643000001
2021-05-01,120878.85657
2021-06-01,122351.87721
2021-07-01,122607.55900000001
2021-08-01,122333.04531000002
2021-09-01,122543.16574
2021-10-01,124349.09704
2021-11-01,127143.36538999999
2021-12-01,127321.91618
2022-01-01,127578.92129999999
2022-02-01,128645.37734
2022-03-01,130215.71359999999
2022-04-01,131624.99731
2022-05-01,134008.21896
2022-06-01,135005.71632
2022-07-01,136265.50404
2022-08-01,137788.73768
2022-09-01,140116.32591
2022-10-01,142875.28152000002
2022-11-01,145806.59386000002
2022-12-01,147070.51035
2023-01-01,150492.10564000002
2023-02-01,153128.55787999998
2023-03-01,156337.12587
2023-04-01,157831.65613
2023-05-01,159309.02302
2023-06-01,160111.44778
2023-07-01,160241.83154
2023-08-01,162182.38413999998
2023-09-01,163529.059
2023-10-01,165798.0636
2023-11-01,170718.65901
2023-12-01,173589.87961
2024-01-01,176325.79387
2024-02-01,178414.58646999998
2024-03-01,182371.53905
2024-04-01,185206.38113
2024-05-01,187696.05562
2024-06-01,189285.38205000001
2024-07-01,191621.9222
2024-08-01,193970.5284
2024-09-01,197251.64763999998
2024-10-01,200544.90698
2024-11-01,206505.59863999998
2024-12-01,209560.83284
2025-01-01,213572.70365
2025-02-01,216375.47278
2025-03-01,215116.73096000002
2025-04-01,216009.91122
2025-05-01,218248.79489
2025-06-01,219542.26915
2025-07-01,219557.53968
2025-08-01,221136.47477
2025-09-01,223697.46957999998
2025-10-01,226637.70017000003
2025-11-01,230431.62362
2025-12-01,235596.79358
2026-01-01,237320.81892
2026-02-01,237872.48947000003
